City_ID,City,Country,Date,Lat,Lng,Max Temp,Humidity,Cloudiness,Wind Speed
0,Hobyo,SO,2023-01-28 22:22:42,5.3505,48.5268,75.9,74,22,20.2
1,Mwinilunga,ZM,2023-01-28 22:22:42,-11.7358,24.4293,62.02,96,100,3.89
2,Punta Arenas,CL,2023-01-28 22:22:43,-53.15,-70.9167,62.71,39,40,37.98
3,Nikolskoye,RU,2023-01-28 22:22:43,59.7035,30.7861,24.8,92,100,11.45
4,Arraial Do Cabo,BR,2023-01-28 22:22:43,-22.9661,-42.0278,80.46,83,0,3.44
5,Okhotsk,RU,2023-01-28 22:22:44,59.3833,143.3,-17.46,84,98,10.04
6,Ceyhan,TR,2023-01-28 22:22:44,37.0247,35.8175,53.44,76,16,4.34
7,Acapulco,MX,2023-01-28 22:20:06,16.8634,-99.8901,85.82,58,0,6.91
8,Graham,US,2023-01-28 22:22:44,47.0529,-122.2943,43.7,88,100,6.91
9,Iqaluit,CA,2023-01-28 22:22:45,63.7506,-68.5145,-29.47,68,75,3.44
10,Smirnykh,RU,2023-01-28 22:22:45,49.75,142.8333,0.68,85,100,9.66
11,Faanui,PF,2023-01-28 22:22:45,-16.4833,-151.75,81.36,73,8,14.34
12,Isangel,VU,2023-01-28 22:22:46,-19.55,169.2667,86.11,79,75,4.61
13,Campbell River,CA,2023-01-28 22:22:46,50.0163,-125.2446,46.78,53,20,8.05
14,Albany,US,2023-01-28 22:22:46,42.6001,-73.9662,37.92,63,95,4.72
15,Cockburn Town,TC,2023-01-28 22:22:47,21.4612,-71.1419,76.32,66,9,22.39
16,Bilibino,RU,2023-01-28 22:22:47,68.0546,166.4372,-9.6,99,41,3.67
17,Yokadouma,CM,2023-01-28 22:22:47,3.5167,15.05,76.84,47,73,3.13
18,Esil,KZ,2023-01-28 22:22:47,51.9556,66.4042,4.35,98,96,5.95
19,San Patricio,US,2023-01-28 22:22:48,28.017,-97.5169,71.19,73,100,19.08
20,Atuona,PF,2023-01-28 22:19:32,-9.8,-139.0333,79.03,73,36,20.36
21,Avarua,CK,2023-01-28 22:19:06,-21.2078,-159.775,84.25,74,52,10.36
22,Rikitea,PF,2023-01-28 22:22:48,-23.1203,-134.9692,78.42,74,47,13.2
23,Mataura,NZ,2023-01-28 22:22:48,-46.1927,168.8643,70.25,46,5,0.54
24,Mnogovershinnyy,RU,2023-01-28 22:22:49,53.9353,139.9242,-20.2,82,18,4.07
25,Alexandria,EG,2023-01-28 22:21:50,31.2156,29.9553,55.94,67,21,6.44
26,Remedios,CU,2023-01-28 22:22:49,22.4947,-79.5458,76.12,70,26,17.94
27,Ushuaia,AR,2023-01-28 22:22:49,-54.8,-68.3,58.66,47,40,20.71
28,Ishigaki,JP,2023-01-28 22:22:50,24.3448,124.1572,55.53,67,75,8.05
29,Salalah,OM,2023-01-28 22:22:50,17.0151,54.0924,67.87,34,79,17.49
30,Coihaique,CL,2023-01-28 22:19:38,-45.5752,-72.0662,68.61,63,75,8.05
31,Vaini,TO,2023-01-28 22:22:50,-21.2,-175.2,82.56,89,75,11.5
32,Tiksi,RU,2023-01-28 22:22:51,71.6872,128.8694,-28.48,99,100,5.86
33,Maumere,ID,2023-01-28 22:22:51,-8.6199,122.2111,80.33,84,97,7.2
34,Komsomolskiy,UZ,2023-01-28 22:22:51,40.4272,71.7189,30.92,69,100,0.0
35,Jamestown,US,2023-01-28 22:22:52,42.097,-79.2353,37.04,51,100,6.91
36,Plettenberg Bay,ZA,2023-01-28 22:22:52,-34.0527,23.3716,63.1,71,100,9.84
37,Takoradi,GH,2023-01-28 22:22:52,4.8845,-1.7554,80.28,83,74,10.18
38,Port Alfred,ZA,2023-01-28 22:22:53,-33.5906,26.891,64.18,89,100,3.0
39,Deputatskiy,RU,2023-01-28 22:22:53,69.3,139.9,-34.2,97,93,4.12
40,Dikson,RU,2023-01-28 22:22:53,73.5069,80.5464,-13.49,97,98,6.51
41,Antofagasta,CL,2023-01-28 22:22:53,-23.65,-70.4,70.88,78,93,6.91
42,East London,ZA,2023-01-28 22:22:54,-33.0153,27.9116,68.65,79,100,17.78
43,Steamboat Springs,US,2023-01-28 22:18:59,40.485,-106.8317,28.33,80,100,5.01
44,Tuktoyaktuk,CA,2023-01-28 22:22:54,69.4541,-133.0374,-13.0,77,75,14.97
45,Panzhihua,CN,2023-01-28 22:22:54,26.5851,101.7128,48.88,69,100,1.21
46,Hermanus,ZA,2023-01-28 22:22:55,-34.4187,19.2345,62.8,63,96,17.45
47,Bluff,NZ,2023-01-28 22:23:55,-46.6,168.3333,61.75,68,11,8.97
48,Hithadhoo,MV,2023-01-28 22:23:55,-0.6,73.0833,81.07,77,32,11.59
49,Codrington,AU,2023-01-28 22:23:55,-38.2667,141.9667,58.96,89,100,6.87
50,Aitape,PG,2023-01-28 22:23:56,-3.1374,142.3475,79.18,80,74,3.91
51,Amahai,ID,2023-01-28 22:23:56,-3.3333,128.9167,78.12,86,100,0.43
52,San Quintin,MX,2023-01-28 22:23:56,30.4833,-115.95,60.3,60,1,8.84
53,Chuy,UY,2023-01-28 22:23:57,-33.6971,-53.4616,77.45,71,58,7.83
54,Jalu,LY,2023-01-28 22:23:57,29.0331,21.5482,55.54,44,0,9.17
55,Clyde River,CA,2023-01-28 22:23:57,70.4692,-68.5914,-3.77,71,100,10.36
56,Acajutla,SV,2023-01-28 22:23:58,13.5928,-89.8275,86.2,50,72,6.85
57,Zhigansk,RU,2023-01-28 22:23:58,66.7697,123.3711,-43.28,95,100,8.9
58,Mar Del Plata,AR,2023-01-28 22:21:26,-38.0023,-57.5575,73.42,84,0,17.0
59,Castro,BR,2023-01-28 22:23:58,-24.7911,-50.0119,70.65,52,0,0.2
60,Salinas,US,2023-01-28 22:23:58,36.6777,-121.6555,61.63,72,75,11.5
61,Mongagua,BR,2023-01-28 22:22:44,-24.0931,-46.6208,82.65,89,49,7.56
62,Yertsevo,RU,2023-01-28 22:23:59,60.7966,40.086,11.62,95,100,9.57
63,Caravelas,BR,2023-01-28 22:23:59,-17.7125,-39.2481,77.11,85,78,5.35
64,Ostrovnoy,RU,2023-01-28 22:24:00,68.0531,39.5131,27.03,89,100,22.46
65,Houma,US,2023-01-28 22:24:00,29.5958,-90.7195,68.0,62,0,18.41
66,Guarapari,BR,2023-01-28 22:20:36,-20.6667,-40.4975,79.9,89,15,12.64
67,Dongli,CN,2023-01-28 22:24:00,23.5656,116.8194,39.18,70,0,2.24
68,Nishihara,JP,2023-01-28 22:24:01,26.1842,127.7558,52.88,74,75,12.66
69,Srednekolymsk,RU,2023-01-28 22:24:01,67.45,153.6833,-20.4,97,100,1.28
70,Husavik,IS,2023-01-28 22:24:02,66.0449,-17.3389,35.85,91,68,10.98
71,Egvekinot,RU,2023-01-28 22:24:03,66.3167,-179.1667,9.79,97,99,0.43
72,Kirkwall,GB,2023-01-28 22:24:04,58.9848,-2.9587,44.96,81,40,20.71
73,Kanganpur,PK,2023-01-28 22:24:05,30.7663,74.1231,47.95,28,17,4.54
74,Saint-Augustin,CA,2023-01-28 22:24:05,51.226,-58.6502,7.63,95,98,4.99
75,San Julian,MX,2023-01-28 22:24:06,21.0167,-102.1667,72.77,18,22,13.49
76,Quatre Cocos,MU,2023-01-28 22:24:06,-20.2078,57.7625,77.09,86,92,4.45
77,Marsa Matruh,EG,2023-01-28 22:24:07,31.3525,27.2453,52.0,71,0,3.44
78,Inhambane,MZ,2023-01-28 22:24:07,-23.865,35.3833,74.84,92,5,3.65
79,Humberto De Campos,BR,2023-01-28 22:24:08,-2.5983,-43.4611,76.15,88,68,4.99
80,Vila Franca Do Campo,PT,2023-01-28 22:24:09,37.7167,-25.4333,55.81,80,42,7.0
81,Saskylakh,RU,2023-01-28 22:24:09,71.9167,114.0833,-34.38,99,96,3.33
82,Goure,NE,2023-01-28 22:24:10,13.9835,10.2704,76.19,15,100,2.39
83,Komsomolets,KZ,2023-01-28 22:24:11,53.7453,62.0708,1.67,97,46,4.25
84,Yerbogachen,RU,2023-01-28 22:24:12,61.2767,108.0108,-33.16,100,66,1.97
85,Villa Union,MX,2023-01-28 22:24:13,23.2,-106.2333,75.16,73,100,0.0
86,Mehamn,NO,2023-01-28 22:24:14,71.0357,27.8492,30.15,80,100,16.11
87,Olafsvik,IS,2023-01-28 22:24:14,64.8945,-23.7142,38.7,77,100,19.62
88,Nouakchott,MR,2023-01-28 22:24:15,18.0858,-15.9785,64.33,34,21,12.95
89,Taruma,BR,2023-01-28 22:25:16,-22.7467,-50.5772,76.42,82,25,4.05
90,Upernavik,GL,2023-01-28 22:25:16,72.7868,-56.1549,-1.91,95,100,11.03
91,Tasiilaq,GL,2023-01-28 22:25:17,65.6145,-37.6368,23.16,92,100,10.38
92,Alofi,NU,2023-01-28 22:25:18,-19.0595,-169.9187,82.29,78,93,5.75
93,Esperance,AU,2023-01-28 22:25:18,-33.8667,121.9,58.46,72,2,8.16
94,Sisak,HR,2023-01-28 22:23:47,45.4661,16.3783,35.58,93,97,4.14
95,Nouadhibou,MR,2023-01-28 22:25:19,20.931,-17.0347,64.38,55,75,17.27
96,Tuatapere,NZ,2023-01-28 22:25:20,-46.1333,167.6833,67.46,51,7,3.89
97,Champaign,US,2023-01-28 22:25:20,40.1334,-88.2001,50.07,77,0,16.11
98,Hun,LY,2023-01-28 22:25:24,29.1268,15.9477,48.99,30,0,3.96
99,Busselton,AU,2023-01-28 22:25:25,-33.65,115.3333,55.74,77,23,11.83
100,Klaksvik,FO,2023-01-28 22:25:25,62.2266,-6.589,47.32,91,100,33.6
101,Kapaa,US,2023-01-28 22:20:41,22.0752,-159.319,79.12,67,20,23.02
102,Kaitangata,NZ,2023-01-28 22:25:27,-46.2817,169.8464,66.09,54,17,2.3
103,Geraldton,AU,2023-01-28 22:25:27,-28.7667,114.6,64.81,77,0,9.22
104,Georgetown,MY,2023-01-28 22:21:11,5.4112,100.3354,77.95,78,20,2.3
105,Zhaotong,CN,2023-01-28 22:25:29,27.3167,103.7167,25.81,89,10,1.59
106,Bartica,GY,2023-01-28 22:25:30,6.4,-58.6167,79.12,78,38,5.95
107,Omsukchan,RU,2023-01-28 22:25:31,62.5333,155.8,-26.43,99,94,2.33
108,Kirkkonummi,FI,2023-01-28 22:25:31,60.1238,24.4385,32.11,100,73,12.59
109,Kodiak,US,2023-01-28 22:25:32,57.79,-152.4072,35.11,100,100,0.0
110,Constitucion,CL,2023-01-28 22:20:57,-35.3333,-72.4167,69.62,54,3,15.01
111,Rawson,AR,2023-01-28 22:25:37,-43.3002,-65.1023,83.57,26,1,5.17
112,Puerto Suarez,BO,2023-01-28 22:25:37,-18.95,-57.8,78.39,88,70,4.18
113,Roald,NO,2023-01-28 22:25:38,62.5833,6.1333,43.75,93,75,19.57
114,Guerrero Negro,MX,2023-01-28 22:25:38,27.9769,-114.0611,65.88,34,81,7.18
115,Cape Town,ZA,2023-01-28 22:25:09,-33.9258,18.4232,65.12,61,0,25.32
116,Vestmannaeyjar,IS,2023-01-28 22:25:39,63.4427,-20.2734,43.02,76,98,24.83
117,Torbay,CA,2023-01-28 22:25:39,47.6666,-52.7314,29.26,80,20,6.91
118,Hobart,AU,2023-01-28 22:23:14,-42.8794,147.3294,65.26,61,75,8.05
119,San Cristobal,VE,2023-01-28 22:25:40,7.7669,-72.225,69.98,52,13,1.1
120,Kavaratti,IN,2023-01-28 22:25:40,10.5669,72.642,79.48,73,6,9.71
121,Murakami,JP,2023-01-28 22:25:40,38.2333,139.4833,31.89,70,100,13.56
122,Arlit,NE,2023-01-28 22:25:41,18.7369,7.3853,64.45,9,40,7.67
123,Kerman,IR,2023-01-28 22:25:41,30.2832,57.0788,21.06,100,1,4.61
124,Evensk,RU,2023-01-28 22:25:41,61.95,159.2333,15.93,92,89,15.95
125,Medicine Hat,CA,2023-01-28 22:25:16,50.0501,-110.6683,8.73,65,75,11.5
126,Yellowknife,CA,2023-01-28 22:22:55,62.456,-114.3525,-10.68,70,0,11.5
127,Aldan,RU,2023-01-28 22:25:42,58.6031,125.3894,-11.45,98,100,4.18
128,Airai,TL,2023-01-28 22:25:42,-8.9266,125.4092,61.09,90,81,1.63
129,Fortuna,US,2023-01-28 22:25:42,40.5982,-124.1573,50.67,78,100,12.66
130,Padang,ID,2023-01-28 22:25:43,-0.9492,100.3543,76.01,86,100,5.06
131,Bambous Virieux,MU,2023-01-28 22:25:43,-20.3428,57.7575,77.22,94,75,3.44
132,Hilo,US,2023-01-28 22:25:43,19.7297,-155.09,72.28,88,100,6.91
133,Omboue,GA,2023-01-28 22:26:44,-1.5746,9.2618,77.67,81,78,4.14
134,Norman Wells,CA,2023-01-28 22:26:44,65.282,-126.8329,-12.96,77,20,14.97
135,New Norfolk,AU,2023-01-28 22:26:44,-42.7826,147.0587,66.92,45,66,4.0
136,Hovd,MN,2023-01-28 22:26:45,48.0056,91.6419,-1.1,79,4,2.24
137,Saint George,US,2023-01-28 22:23:58,37.1041,-113.5841,55.94,36,0,4.61
138,Caruray,PH,2023-01-28 22:26:45,10.3094,119.0128,77.2,86,64,14.45
139,Karasburg,NA,2023-01-28 22:26:45,-28.0167,18.75,70.09,47,1,13.56
140,Bathsheba,BB,2023-01-28 22:26:46,13.2167,-59.5167,77.61,65,20,8.05
141,Mitsamiouli,KM,2023-01-28 22:26:46,-11.3847,43.2844,80.38,80,52,8.5
142,Orchard Homes,US,2023-01-28 22:24:25,46.8633,-114.0484,16.59,59,75,14.97
143,Ibarra,EC,2023-01-28 22:26:46,0.35,-78.1167,67.77,65,22,3.13
144,Nanortalik,GL,2023-01-28 22:26:47,60.1432,-45.2371,21.2,67,87,35.3
145,Sitka,US,2023-01-28 22:26:47,57.0531,-135.33,44.49,39,0,4.61
146,Carnarvon,AU,2023-01-28 22:26:47,-24.8667,113.6333,74.77,78,0,17.9
147,Atambua,ID,2023-01-28 22:26:47,-9.1061,124.8925,73.94,88,68,0.54
148,Kachhwa,IN,2023-01-28 22:26:48,25.2167,82.7167,49.57,46,0,0.34
149,Hasaki,JP,2023-01-28 22:26:48,35.7333,140.8333,25.2,51,97,11.32
150,Sur,OM,2023-01-28 22:26:48,22.5667,59.5289,67.66,65,9,17.11
151,Tupik,RU,2023-01-28 22:26:49,54.4253,119.9327,-15.18,100,100,1.7
152,Lompoc,US,2023-01-28 22:26:49,34.6391,-120.4579,66.02,74,0,13.0
153,Rio Gallegos,AR,2023-01-28 22:25:10,-51.6226,-69.2181,77.05,18,0,20.71
154,Cayenne,GF,2023-01-28 22:26:49,4.9333,-52.3333,75.24,94,100,2.3
155,Bintulu,MY,2023-01-28 22:26:50,3.1667,113.0333,73.81,100,20,1.14
156,Vaitape,PF,2023-01-28 22:26:50,-16.5167,-151.75,81.39,73,8,14.32
157,Grass Valley,US,2023-01-28 22:26:03,39.2191,-121.0611,55.78,53,0,4.61
158,Vidim,RU,2023-01-28 22:26:50,56.4088,103.1106,13.26,97,100,3.49
159,Bredasdorp,ZA,2023-01-28 22:26:51,-34.5322,20.0403,62.85,55,100,10.87
160,Karpathos,GR,2023-01-28 22:26:51,35.507,27.2132,55.36,76,8,1.14
161,Lafiagi,NG,2023-01-28 22:26:51,8.8667,5.4167,89.83,36,92,8.32
162,Kilrush,IE,2023-01-28 22:26:52,52.6397,-9.4833,40.75,82,68,6.51
163,Siocon,PH,2023-01-28 22:26:52,7.7061,122.1353,76.64,88,89,7.18
164,Saint-Philippe,RE,2023-01-28 22:26:52,-21.3585,55.7679,78.39,90,99,3.67
165,Leningradskiy,RU,2023-01-28 22:26:52,69.3833,178.4167,3.02,94,100,8.59
166,Limbang,MY,2023-01-28 22:26:53,4.75,115.0,75.31,97,80,1.01
167,Barrow,US,2023-01-28 22:24:44,71.2906,-156.7887,-5.78,77,100,10.36
168,Porto Novo,BJ,2023-01-28 22:26:53,6.4965,2.6036,82.22,83,100,8.84
169,Pevek,RU,2023-01-28 22:26:54,69.7008,170.3133,10.98,84,78,13.06
170,Alyangula,AU,2023-01-28 22:26:54,-13.8483,136.4192,81.41,83,100,8.05
171,Provideniya,RU,2023-01-28 22:26:54,64.3833,-173.3,26.62,98,100,5.48
172,Laksham,BD,2023-01-28 22:26:55,23.2472,91.1425,60.6,53,5,6.35
173,Broken Hill,AU,2023-01-28 22:26:55,-31.95,141.4333,72.68,59,100,13.13
174,Ternate,ID,2023-01-28 22:26:55,0.8,127.4,78.57,78,100,3.91
175,Novyy Urengoy,RU,2023-01-28 22:22:45,66.0833,76.6333,-0.76,96,100,8.08
176,Ponta Do Sol,PT,2023-01-28 22:26:56,32.6667,-17.1,59.0,73,13,7.2
177,Pacific Grove,US,2023-01-28 22:26:56,36.6177,-121.9166,60.55,78,100,8.99
178,Tigil,RU,2023-01-28 22:27:56,57.8,158.6667,-5.03,93,97,0.58
179,Khatanga,RU,2023-01-28 22:24:24,71.9667,102.5,-32.08,96,21,6.8
180,Presidente Medici,BR,2023-01-28 22:27:57,-11.1753,-61.9014,74.12,97,100,3.96
181,Xichang,CN,2023-01-28 22:24:18,27.8964,102.2634,35.92,78,49,2.73
182,Sangar,RU,2023-01-28 22:27:57,63.9242,127.4739,-50.12,98,90,1.52
183,Aberdeen,GB,2023-01-28 22:24:41,57.1437,-2.0981,36.66,86,88,3.44
184,Kamaishi,JP,2023-01-28 22:27:57,39.2667,141.8833,24.06,65,45,16.35
185,Vestmanna,FO,2023-01-28 22:27:58,62.1564,-7.1664,45.52,93,100,11.5
186,Cidreira,BR,2023-01-28 22:27:58,-30.1811,-50.2056,77.61,83,97,10.13
187,San Javier,ES,2023-01-28 22:27:58,37.8063,-0.8374,47.12,73,100,4.0
188,Stornoway,GB,2023-01-28 22:27:58,58.2093,-6.3865,44.56,88,75,13.8
189,Port Blair,IN,2023-01-28 22:27:59,11.6667,92.75,80.64,74,40,6.91
190,Talnakh,RU,2023-01-28 22:27:59,69.4865,88.3972,-4.14,99,98,5.35
191,Vardo,NO,2023-01-28 22:27:59,70.3705,31.1107,31.08,82,83,9.62
192,Sao Filipe,CV,2023-01-28 22:28:00,14.8961,-24.4956,74.39,70,69,13.2
193,Puerto Ayora,EC,2023-01-28 22:28:00,-0.7393,-90.3518,82.36,92,87,5.01
194,Ginda,IN,2023-01-28 22:28:00,30.6945,78.4932,43.63,19,44,9.53
195,Chokurdakh,RU,2023-01-28 22:27:41,70.6333,147.9167,-37.16,100,83,2.3
196,Surt,LY,2023-01-28 22:28:01,31.2089,16.5887,56.61,32,0,5.37
197,Andilamena,MG,2023-01-28 22:28:01,-17.0167,48.5833,66.06,99,82,4.94
198,Lata,PT,2023-01-28 22:28:02,40.1629,-8.3327,41.92,79,1,4.21
199,Babaeski,TR,2023-01-28 22:28:03,41.4325,27.0931,34.47,78,96,3.83
200,Peski,RU,2023-01-28 22:28:04,55.2163,38.7626,22.78,97,100,5.06
201,Laguna Beach,US,2023-01-28 22:28:05,33.5423,-117.7831,67.24,66,40,10.36
202,Angoche,MZ,2023-01-28 22:28:06,-16.2325,39.9086,78.57,86,80,5.91
203,Severo-Kurilsk,RU,2023-01-28 22:28:06,50.6789,156.125,25.0,79,100,15.05
204,Natal,BR,2023-01-28 22:25:52,-5.795,-35.2094,79.45,73,20,11.5
205,Martapura,ID,2023-01-28 22:28:07,-3.4167,114.85,73.49,100,100,5.75
206,North Bend,US,2023-01-28 22:28:08,43.4065,-124.2243,48.16,92,100,5.75
207,San Policarpo,PH,2023-01-28 22:27:51,12.1791,125.5072,78.24,85,54,17.29
208,Mareeba,AU,2023-01-28 22:28:09,-17.0,145.4333,78.44,88,38,4.05
209,Qaanaaq,GL,2023-01-28 22:28:09,77.484,-69.3632,-4.67,53,14,9.31
210,Dunedin,NZ,2023-01-28 22:28:13,-45.8742,170.5036,67.8,64,5,4.0
211,Coquimbo,CL,2023-01-28 22:28:13,-29.9533,-71.3436,67.73,72,0,10.36
212,Cabo San Lucas,MX,2023-01-28 22:27:03,22.8909,-109.9124,74.52,62,100,12.66
213,Mayumba,GA,2023-01-28 22:28:15,-3.432,10.6554,76.96,83,21,4.09
214,Ouadda,CF,2023-01-28 22:28:16,8.0777,22.4007,71.51,20,9,4.59
215,Kedrovyy,RU,2023-01-28 22:28:17,56.1667,91.8167,23.41,94,100,10.83
216,Eyl,SO,2023-01-28 22:28:17,7.9803,49.8164,74.28,73,44,18.97
217,Thompson,CA,2023-01-28 22:28:18,55.7435,-97.8558,-12.84,64,75,13.8
218,Sioux Lookout,CA,2023-01-28 22:28:18,50.1001,-91.917,-5.73,65,75,10.36
219,Popondetta,PG,2023-01-28 22:28:19,-8.7537,148.2534,81.93,70,61,1.07
220,Namibe,AO,2023-01-28 22:28:20,-15.1961,12.1522,74.71,83,100,8.39
221,Cabra,ES,2023-01-28 22:28:20,37.4725,-4.4421,42.66,52,0,3.83
222,Ferrol,ES,2023-01-28 22:28:21,43.4832,-8.2369,48.27,76,92,16.02
223,Lebu,CL,2023-01-28 22:28:22,-37.6167,-73.65,63.07,76,0,21.7
224,Galesong,ID,2023-01-28 22:28:23,-5.3166,119.3661,75.22,87,93,6.35
225,Tara,RU,2023-01-28 22:28:23,56.8944,74.371,16.81,96,100,6.49
226,Lerwick,GB,2023-01-28 22:29:25,60.1545,-1.1494,46.4,82,100,25.68
227,Tala,EG,2023-01-28 22:29:25,30.6803,30.9429,51.55,86,91,6.78
228,Prince Rupert,CA,2023-01-28 22:29:26,54.3161,-130.3201,46.09,41,0,20.71
229,Paamiut,GL,2023-01-28 22:29:27,61.994,-49.6678,15.6,76,100,9.17
230,Flinders,AU,2023-01-28 22:29:27,-34.5833,150.8552,81.05,84,81,5.01
231,Sao Jose Da Coroa Grande,BR,2023-01-28 22:29:28,-8.8978,-35.1478,78.96,71,2,9.62
232,Vastseliina,EE,2023-01-28 22:29:29,57.7303,27.2932,25.0,91,99,11.14
233,Coxim,BR,2023-01-28 22:29:29,-18.5067,-54.76,77.07,87,77,4.32
234,Nassjo,SE,2023-01-28 22:29:30,57.6531,14.6968,34.72,94,99,9.1
235,Kudahuvadhoo,MV,2023-01-28 22:29:31,2.6708,72.8944,80.58,74,61,10.63
236,Butaritari,KI,2023-01-28 22:29:31,3.0707,172.7902,80.96,80,97,25.08
237,Mabaruma,GY,2023-01-28 22:29:32,8.2,-59.7833,72.64,78,40,4.43
238,Alekseyevsk,RU,2023-01-28 22:29:33,57.8406,108.3492,10.15,96,100,5.48
239,Jiuquan,CN,2023-01-28 22:29:34,39.7432,98.5174,14.85,53,97,3.49
240,Kavieng,PG,2023-01-28 22:27:43,-2.5744,150.7967,83.26,72,81,9.1
241,Sunrise Manor,US,2023-01-28 22:29:35,36.2111,-115.0731,60.24,30,0,5.75
242,Fort Nelson,CA,2023-01-28 22:29:36,58.8053,-122.7002,9.95,59,0,1.01
243,Zaysan,KZ,2023-01-28 22:29:38,47.4667,84.8667,-5.17,85,17,2.82
244,Beringovskiy,RU,2023-01-28 22:29:38,63.05,179.3167,15.46,97,22,5.88
245,Veraval,IN,2023-01-28 22:29:38,20.9,70.3667,68.02,65,0,11.39
246,Dandong,CN,2023-01-28 22:24:43,40.1292,124.3947,9.63,87,78,2.8
247,Vila Velha,BR,2023-01-28 22:29:39,-20.3297,-40.2925,80.55,90,40,12.66
248,Pancesti,RO,2023-01-28 22:29:40,46.3333,27.0833,32.04,84,100,16.13
249,Weihe,CN,2023-01-28 22:29:40,32.9952,105.3247,31.15,35,0,0.83
250,Taksimo,RU,2023-01-28 22:29:41,56.3444,114.8794,-3.12,93,100,2.73
251,Daru,PG,2023-01-28 22:29:41,-9.0763,143.2092,80.01,80,94,4.5
252,Belfort,FR,2023-01-28 22:29:42,47.6333,6.8667,32.5,95,49,7.34
253,Laizhou,CN,2023-01-28 22:29:42,37.1717,119.9214,25.11,39,0,7.96
254,Dingle,PH,2023-01-28 22:29:42,10.9995,122.6711,73.45,90,99,11.97
255,Warwick,US,2023-01-28 22:28:08,41.7001,-71.4162,48.33,48,75,9.22
256,Hauterive,FR,2023-01-28 22:29:43,46.0901,3.4459,36.36,94,75,5.91
257,Tual,ID,2023-01-28 22:29:43,-5.6667,132.75,81.41,75,91,5.91
258,Ayan,RU,2023-01-28 22:29:43,56.45,138.1667,-15.05,84,70,4.97
259,Lodja,CD,2023-01-28 22:29:44,-3.4833,23.4333,69.94,98,100,1.99
260,Okolona,US,2023-01-28 22:29:44,38.1412,-85.6877,56.12,36,75,12.66
261,Durban,ZA,2023-01-28 22:29:44,-29.8579,31.0292,76.12,76,99,7.0
262,Orumiyeh,IR,2023-01-28 22:29:45,37.5527,45.0761,26.15,74,100,9.22
263,Boyolangu,ID,2023-01-28 22:29:45,-8.1181,111.8935,73.99,96,100,1.45
264,Ust-Tsilma,RU,2023-01-28 22:29:45,65.441,52.1498,22.55,95,100,8.23
265,Ribeira Grande,PT,2023-01-28 22:29:46,38.5167,-28.7,57.78,79,10,13.0
266,Vasterhaninge,SE,2023-01-28 22:29:46,59.1167,18.1,32.85,94,100,7.14
267,Narsaq,GL,2023-01-28 22:29:46,60.9167,-46.05,19.62,71,18,17.6
268,Moroni,KM,2023-01-28 22:29:47,-11.7022,43.2551,78.73,81,52,9.13
269,Kanigiri,IN,2023-01-28 22:29:47,15.4,79.5167,65.82,89,0,0.78
270,Bethel,US,2023-01-28 22:29:47,41.3712,-73.414,47.75,51,0,3.44
271,Dzhebariki-Khaya,RU,2023-01-28 22:29:48,62.2167,135.8,-53.72,100,77,1.01
272,Turukhansk,RU,2023-01-28 22:29:48,65.8167,87.9833,11.16,95,100,7.78
273,Ende,ID,2023-01-28 22:30:48,-8.8432,121.6623,79.68,87,100,4.5
274,Seymchan,RU,2023-01-28 22:30:48,62.8833,152.4333,-34.73,99,88,1.66
275,Cotui,DO,2023-01-28 22:30:05,19.0527,-70.1494,75.7,86,49,4.63
276,Nago,JP,2023-01-28 22:30:49,26.5881,127.9761,52.65,68,99,11.21
277,Ancud,CL,2023-01-28 22:30:49,-41.8697,-73.8203,63.25,82,14,6.26
278,Yalta,UA,2023-01-28 22:30:50,44.5,34.1667,45.32,90,100,12.28
279,Vershino-Darasunskiy,RU,2023-01-28 22:30:50,52.35,115.5167,-13.79,95,24,4.63
280,Salatrucu,RO,2023-01-28 22:30:50,45.3333,24.5167,23.23,92,100,5.53
281,Vilhena,BR,2023-01-28 22:30:50,-12.7406,-60.1458,71.82,94,75,5.75
282,Kirsanov,RU,2023-01-28 22:30:51,52.6549,42.7224,12.09,94,53,4.03
283,Choma,ZM,2023-01-28 22:30:51,-16.8065,26.9531,62.28,97,88,4.38
284,Nioki,CD,2023-01-28 22:30:51,-2.7167,17.6833,73.02,80,81,3.02
285,Ngunguru,NZ,2023-01-28 22:30:52,-35.6167,174.5,71.98,84,100,10.38
286,La Paz,BO,2023-01-28 22:28:04,-16.5,-68.15,57.18,58,75,9.22
287,Santa Cruz De La Palma,ES,2023-01-28 22:30:52,28.6835,-17.7642,60.94,72,75,11.5
288,Souillac,MU,2023-01-28 22:30:52,-20.5167,57.5167,75.58,94,75,3.44
289,Lasa,IT,2023-01-28 22:30:53,46.6166,10.7002,29.28,82,56,4.14
290,Chase,CA,2023-01-28 22:30:53,50.8165,-119.6857,34.68,81,95,4.61
291,Kenai,US,2023-01-28 22:30:53,60.5544,-151.2583,33.1,76,40,0.0
292,Mandla,IN,2023-01-28 22:30:54,22.6,80.3833,61.39,58,0,3.96
293,Huarmey,PE,2023-01-28 22:30:54,-10.0681,-78.1522,72.97,78,100,8.28
294,Harper,LR,2023-01-28 22:30:54,4.375,-7.7169,78.78,87,27,9.33
295,Belaya,UA,2023-01-28 22:30:55,49.029,25.7706,27.77,81,60,7.31
296,Indiana,US,2023-01-28 22:30:55,40.0003,-86.2503,51.57,57,40,13.8
297,Wisconsin Rapids,US,2023-01-28 22:30:55,44.3836,-89.8174,16.18,68,75,6.91
298,Wanaka,NZ,2023-01-28 22:30:56,-44.7,169.15,66.11,56,0,5.99
299,Yining,CN,2023-01-28 22:30:56,29.0361,114.5636,32.0,48,0,1.16
300,Evanston,US,2023-01-28 22:30:31,42.0411,-87.6901,28.4,90,100,13.8
301,Sampit,ID,2023-01-28 22:30:56,-2.5333,112.95,73.85,98,100,1.41
302,Tromso,NO,2023-01-28 22:30:57,69.6496,18.957,33.39,100,75,10.36
303,Port Hardy,CA,2023-01-28 22:30:31,50.6996,-127.4199,41.18,87,40,6.91
304,Port Hawkesbury,CA,2023-01-28 22:30:57,45.6169,-61.3485,35.19,95,100,9.22
305,Senanga,ZM,2023-01-28 22:30:57,-16.1167,23.2667,67.15,95,100,4.94
306,Port Lincoln,AU,2023-01-28 22:30:31,-34.7333,135.8667,63.25,84,100,16.31
307,Lorengau,PG,2023-01-28 22:30:18,-2.0226,147.2712,82.24,77,66,5.37
308,Yarada,IN,2023-01-28 22:30:58,17.65,83.2667,72.59,81,18,5.95
309,Mahibadhoo,MV,2023-01-28 22:30:58,3.7833,72.9667,80.1,77,67,9.98
310,Sabzevar,IR,2023-01-28 22:30:58,36.2126,57.6819,33.87,65,20,4.29
311,Nhulunbuy,AU,2023-01-28 22:30:59,-12.2333,136.7667,77.61,100,100,0.0
312,Sobolevo,RU,2023-01-28 22:30:59,54.4299,31.8996,25.86,89,100,3.71
313,Taltal,CL,2023-01-28 22:30:59,-25.4,-70.4833,69.31,77,30,4.9
314,Tautira,PF,2023-01-28 22:31:00,-17.7333,-149.15,80.73,75,8,12.1
315,Saint-Pierre,RE,2023-01-28 22:31:00,-21.3393,55.4781,78.48,83,0,3.44
316,Karratha,AU,2023-01-28 22:31:00,-20.7377,116.8463,85.3,50,65,2.64
317,Tiznit,MA,2023-01-28 22:31:01,29.5833,-9.5,47.44,75,0,4.94
318,Lamar,US,2023-01-28 22:31:01,33.6668,-95.5836,58.35,95,100,10.36
319,San Rafael Del Sur,NI,2023-01-28 22:31:03,11.8485,-86.4384,85.17,50,85,18.81
320,Te Anau,NZ,2023-01-28 22:32:04,-45.4167,167.7167,72.05,34,4,1.41
321,Gorontalo,ID,2023-01-28 22:32:04,0.5412,123.0595,75.61,94,88,3.15
322,Victoria,HK,2023-01-28 22:30:31,22.2855,114.1577,52.25,33,6,11.99
323,Muisne,EC,2023-01-28 22:32:05,0.6,-80.0333,78.89,80,68,7.45
324,Fairbanks,US,2023-01-28 22:30:00,64.8378,-147.7164,18.23,85,100,0.0
325,Itupiranga,BR,2023-01-28 22:32:07,-5.1347,-49.3267,77.32,95,96,1.66
326,Kamenka,RU,2023-01-28 22:32:09,51.3223,42.7678,14.29,94,12,6.46
327,Villarrica,PY,2023-01-28 22:32:10,-25.75,-56.4333,85.33,44,100,2.24
328,Taoudenni,ML,2023-01-28 22:32:12,22.6783,-3.9836,59.14,24,66,3.29
329,Panshi,CN,2023-01-28 22:32:13,42.9422,126.0561,6.55,89,100,2.98
330,Hofn,IS,2023-01-28 22:32:14,64.2539,-15.2082,38.79,75,54,10.29
331,Buenos Aires,AR,2023-01-28 22:32:14,-34.6132,-58.3772,84.09,76,20,14.97
332,Longyearbyen,SJ,2023-01-28 22:32:15,78.2186,15.6401,26.44,63,40,18.41
333,Mbandaka,CD,2023-01-28 22:32:16,0.0487,18.2603,74.98,72,87,3.4
334,Henties Bay,NA,2023-01-28 22:32:16,-22.116,14.2845,64.89,82,75,5.19
335,Ashtabula,US,2023-01-28 22:32:17,41.7001,-80.7665,38.84,82,100,5.75
336,Banda Aceh,ID,2023-01-28 22:32:18,5.5577,95.3222,75.85,85,100,7.92
337,Dwarka,IN,2023-01-28 22:32:18,22.2394,68.9678,67.12,57,0,15.26
338,Apatity,RU,2023-01-28 22:32:19,67.5641,33.4031,23.54,96,100,9.42
339,Salinopolis,BR,2023-01-28 22:32:20,-0.6136,-47.3561,77.41,84,95,6.31
340,Waddan,LY,2023-01-28 22:32:20,29.1614,16.139,48.38,32,0,3.18
341,Victoria Point,AU,2023-01-28 22:32:21,-27.5833,153.3,82.18,80,48,1.01
342,Tsaratanana,MG,2023-01-28 22:32:22,-16.7833,47.65,71.98,96,56,1.14
343,Linjiang,CN,2023-01-28 22:32:22,41.8069,126.9078,7.47,97,100,2.13
344,Hervey Bay,AU,2023-01-28 22:32:23,-25.2986,152.8535,81.01,74,17,5.99
345,Manuk Mangkaw,PH,2023-01-28 22:32:25,4.8,119.85,80.2,77,92,4.88
346,Santa Isabel,BR,2023-01-28 22:32:26,-23.3156,-46.2214,74.91,94,87,2.68
347,Mahebourg,MU,2023-01-28 22:32:26,-20.4081,57.7,77.25,94,75,3.44
348,Necochea,AR,2023-01-28 22:32:27,-38.5473,-58.7368,68.95,74,7,13.31
349,Santiago,CL,2023-01-28 22:27:47,-33.4569,-70.6483,91.54,23,0,20.71
350,Parkes,AU,2023-01-28 22:32:28,-33.1333,148.1833,86.36,34,100,3.0
351,Dongsheng,CN,2023-01-28 22:32:30,39.8161,109.9776,12.11,39,0,10.51
352,Curup,ID,2023-01-28 22:32:31,-3.4667,102.5333,66.24,96,97,2.19
353,Mounana,GA,2023-01-28 22:32:31,-1.4085,13.1586,71.53,85,56,1.83
354,Port Elizabeth,ZA,2023-01-28 22:32:24,-33.918,25.5701,64.69,83,100,8.05
355,Trelew,AR,2023-01-28 22:32:32,-43.249,-65.3051,87.76,15,1,9.89
356,Brae,GB,2023-01-28 22:32:33,60.3964,-1.353,45.12,82,100,28.32
357,Jablah,SY,2023-01-28 22:32:34,35.3614,35.9256,50.29,76,75,5.75
358,Kloulklubed,PW,2023-01-28 22:32:35,7.0419,134.2556,75.7,81,94,22.01
359,Buguey,PH,2023-01-28 22:32:36,18.2893,121.8311,66.85,86,100,8.72
360,Chamonix-Mont-Blanc,FR,2023-01-28 22:32:37,45.9238,6.8693,27.9,79,25,5.77
361,Blackwater,AU,2023-01-28 22:32:37,-23.5833,148.8833,80.65,59,10,8.86
362,Foam Lake,CA,2023-01-28 22:32:38,51.65,-103.5343,-5.78,93,80,14.12
363,Aklavik,CA,2023-01-28 22:32:39,68.2191,-135.0107,-14.8,76,75,4.61
364,Abu Samrah,SY,2023-01-28 22:32:41,35.3029,37.1841,44.55,80,62,5.03
365,Gangapur,IN,2023-01-28 22:32:43,26.4833,76.7167,60.49,35,96,4.07
366,Marang,MY,2023-01-28 22:32:43,5.2056,103.2059,80.96,80,100,10.65
367,Bengkulu,ID,2023-01-28 22:32:44,-3.8004,102.2655,75.4,87,93,8.37
368,Chimbote,PE,2023-01-28 22:33:44,-9.0853,-78.5783,73.09,76,100,8.77
369,Cody,US,2023-01-28 22:33:44,44.5263,-109.0565,6.58,66,100,20.71
370,Darnah,LY,2023-01-28 22:33:45,32.767,22.6367,55.38,67,8,8.75
371,Togur,RU,2023-01-28 22:33:45,58.3631,82.8265,18.34,95,100,9.86
372,Buriti Bravo,BR,2023-01-28 22:33:45,-5.8372,-43.8336,76.24,75,76,1.54
373,Dolores,AR,2023-01-28 22:33:46,-36.3132,-57.6792,75.45,62,4,14.14
374,Sayyan,YE,2023-01-28 22:33:46,15.1718,44.3244,49.26,76,49,3.13
375,Bereda,ES,2023-01-28 22:33:46,43.2686,-7.5406,41.41,100,73,8.08
376,Medea,DZ,2023-01-28 22:33:47,36.2642,2.7539,33.62,94,70,2.55
377,Lala,PH,2023-01-28 22:33:47,7.9745,123.7458,76.15,89,42,6.49
378,Buin,CL,2023-01-28 22:33:47,-33.7333,-70.75,92.43,20,0,7.83
379,Knokke-Heist,BE,2023-01-28 22:33:48,51.3333,3.3333,39.22,82,94,4.54
380,Thinadhoo,MV,2023-01-28 22:33:48,0.5333,72.9333,80.51,77,32,8.97
381,Gamu,PH,2023-01-28 22:33:48,17.0497,121.836,64.9,89,100,5.64
382,Pampa,US,2023-01-28 22:33:49,35.5362,-100.9599,58.57,30,0,9.22
383,Verkhoyansk,RU,2023-01-28 22:33:49,67.5447,133.385,-54.54,99,98,0.96
384,Teluknaga,ID,2023-01-28 22:33:49,-6.0989,106.6381,80.64,94,75,4.61
385,Farah,AF,2023-01-28 22:33:50,32.5,62.5,35.47,79,62,2.04
386,Nelson Bay,AU,2023-01-28 22:33:50,-32.7167,152.15,85.08,81,43,11.99
387,Bossangoa,CF,2023-01-28 22:33:50,6.4926,17.4552,77.02,19,45,2.46
388,Zeerust,ZA,2023-01-28 22:33:51,-25.5369,26.0751,78.67,29,93,4.34
389,Guaiba,BR,2023-01-28 22:33:51,-30.1139,-51.325,73.26,88,100,4.61
390,Aswan,EG,2023-01-28 22:33:51,24.0934,32.907,67.3,34,0,3.44
391,Pisco,PE,2023-01-28 22:33:52,-13.7,-76.2167,73.45,88,20,4.61
392,Faya,SA,2023-01-28 22:33:52,18.3851,42.4509,52.32,78,2,1.39
393,Oussouye,SN,2023-01-28 22:33:53,12.485,-16.5469,73.58,50,72,4.38
394,Kalabo,ZM,2023-01-28 22:33:53,-14.97,22.6814,67.1,94,100,6.58
395,Havoysund,NO,2023-01-28 22:33:53,70.9963,24.6622,32.23,75,63,18.41
396,Concordia,AR,2023-01-28 22:33:54,-31.393,-58.0209,91.78,49,32,7.0
397,Seoul,KR,2023-01-28 22:30:16,37.5683,126.9778,22.44,67,20,4.61
398,Ucluelet,CA,2023-01-28 22:30:31,48.9329,-125.5528,46.71,85,36,7.27
399,Luderitz,NA,2023-01-28 22:33:54,-26.6481,15.1594,65.3,74,0,21.05
400,Itaituba,BR,2023-01-28 22:33:54,-4.2761,-55.9836,73.38,98,98,2.51
401,Sambava,MG,2023-01-28 22:33:55,-14.2667,50.1667,75.9,94,57,2.68
402,Puerto Asis,CO,2023-01-28 22:33:55,0.5133,-76.5007,80.28,59,3,2.46
403,San Jose,US,2023-01-28 22:30:31,37.3394,-121.895,64.87,47,20,10.36
404,Chapais,CA,2023-01-28 22:33:55,49.7834,-74.8492,-4.22,92,100,8.41
405,Alta Floresta,BR,2023-01-28 22:33:56,-9.8756,-56.0861,69.26,98,98,2.1
406,Cambridge,CA,2023-01-28 22:32:38,43.3601,-80.3127,31.33,74,100,5.75
407,Sao Desiderio,BR,2023-01-28 22:33:56,-12.3633,-44.9733,71.13,91,93,4.76
408,Viedma,AR,2023-01-28 22:32:33,-40.8135,-62.9967,83.23,30,0,10.27
409,Saldanha,ZA,2023-01-28 22:31:36,-33.0117,17.9442,60.85,74,0,22.37
410,Kuybyshevo,RU,2023-01-28 22:33:56,47.8123,38.9073,32.43,89,99,12.26
411,Rovaniemi,FI,2023-01-28 22:33:57,66.5,25.7167,24.21,93,20,9.22
412,Tura,IN,2023-01-28 22:33:57,25.5198,90.2201,58.77,61,3,3.74
413,Bambanglipuro,ID,2023-01-28 22:33:57,-7.95,110.2833,75.79,91,100,2.95
414,Avdon,RU,2023-01-28 22:34:58,54.6667,55.7167,15.12,86,100,6.71
415,Touros,BR,2023-01-28 22:34:58,-5.1989,-35.4608,79.88,73,6,13.96
416,Cao Bang,VN,2023-01-28 22:34:59,22.6667,106.25,44.11,43,5,3.04
417,La Ronge,CA,2023-01-28 22:34:59,55.1001,-105.2842,-1.95,60,75,16.11
418,At-Bashi,KG,2023-01-28 22:34:59,41.1702,75.8106,11.12,69,100,1.72
419,Vao,NC,2023-01-28 22:35:00,-22.6667,167.4833,76.68,71,100,10.76
420,Neiafu,TO,2023-01-28 22:35:00,-18.65,-173.9833,83.08,83,40,5.75
421,Shahr-E Babak,IR,2023-01-28 22:35:00,30.1165,55.1186,31.42,61,0,0.4
422,Bubaque,GW,2023-01-28 22:35:01,11.2833,-15.8333,76.73,81,53,12.35
423,Port Augusta,AU,2023-01-28 22:35:01,-32.5,137.7667,71.58,82,100,4.38
424,Westport,US,2023-01-28 22:33:58,41.1415,-73.3579,50.56,56,0,4.61
425,Juneau,US,2023-01-28 22:32:47,58.3019,-134.4197,37.4,76,20,4.61
426,College,US,2023-01-28 22:35:02,64.8569,-147.8028,17.58,85,100,0.0
427,Bardiyah,LY,2023-01-28 22:35:03,31.7561,25.0865,57.2,60,5,1.68
428,La Rioja,ES,2023-01-28 22:35:04,42.25,-2.5,29.98,96,100,7.87
429,Tarko-Sale,RU,2023-01-28 22:35:04,64.9225,77.785,3.49,97,98,6.64
430,Cherskiy,RU,2023-01-28 22:33:21,68.75,161.3,-23.6,98,92,4.92
431,Poum,NC,2023-01-28 22:35:06,-20.2333,164.0167,77.85,85,100,7.63
432,Doka,SD,2023-01-28 22:35:06,13.5167,35.7667,75.97,30,1,9.26
433,Nakamura,JP,2023-01-28 22:35:08,32.9833,132.9333,32.65,80,37,3.58
434,Raga,SS,2023-01-28 22:35:08,8.4596,25.678,76.23,21,1,4.16
435,Macau,MO,2023-01-28 22:35:09,22.2006,113.5461,51.53,46,0,17.27
436,Mirnyy,RU,2023-01-28 22:35:10,62.5353,113.9611,-37.77,65,95,1.48
437,Asau,RO,2023-01-28 22:35:10,46.4333,26.4,29.32,90,100,3.69
438,Ambilobe,MG,2023-01-28 22:35:11,-13.2,49.05,74.32,94,72,0.76
439,Izumo,JP,2023-01-28 22:35:12,35.3667,132.7667,33.69,86,75,17.27
440,Champerico,GT,2023-01-28 22:35:14,14.3,-91.9167,90.14,65,22,11.07
441,Jimenez,MX,2023-01-28 22:35:14,28.3333,-105.4,72.86,21,97,9.48
442,Naliya,IN,2023-01-28 22:35:15,23.2667,68.8333,60.84,36,0,11.1
443,High Level,CA,2023-01-28 22:35:15,58.5169,-117.136,1.51,66,20,9.22
444,Awjilah,LY,2023-01-28 22:35:16,29.1081,21.2869,55.08,49,0,8.61
445,Tecoanapa,MX,2023-01-28 22:35:16,16.5167,-98.75,82.81,60,0,8.63
446,Dillon,US,2023-01-28 22:31:53,34.4166,-79.3712,57.54,57,96,4.88
447,Tadine,NC,2023-01-28 22:35:17,-21.55,167.8833,78.55,81,100,10.6
448,Kibara,TZ,2023-01-28 22:35:18,-2.15,33.45,70.03,75,0,7.92
449,Bud,US,2023-01-28 22:35:19,39.447,-86.1758,53.55,72,91,13.0
450,Shitanjing,CN,2023-01-28 22:35:20,39.2342,106.3439,16.83,30,0,5.17
451,Doha,QA,2023-01-28 22:30:24,25.2867,51.5333,58.89,67,0,6.91
452,Olinda,BR,2023-01-28 22:31:48,-8.0089,-34.8553,82.13,61,40,11.5
453,Canico,PT,2023-01-28 22:35:21,32.6333,-16.85,58.71,84,75,18.41
454,Mitchell,US,2023-01-28 22:32:46,43.7094,-98.0298,4.73,70,100,18.41
455,Old Orchard Beach,US,2023-01-28 22:35:23,43.5173,-70.3775,42.89,56,75,5.75
456,Chiredzi,ZW,2023-01-28 22:35:23,-21.05,31.6667,75.2,52,17,3.98
457,Guhagar,IN,2023-01-28 22:35:24,17.4842,73.1929,68.31,82,17,4.21
458,Kurilsk,RU,2023-01-28 22:35:25,45.2333,147.8833,21.96,86,100,19.37
459,Qasigiannguit,GL,2023-01-28 22:35:26,68.8193,-51.1922,14.25,94,100,7.96
460,Salisbury,GB,2023-01-28 22:36:26,51.0693,-1.7957,40.64,90,100,3.44
461,Minab,IR,2023-01-28 22:36:27,27.1467,57.0801,56.59,56,6,9.31
462,Poim,RU,2023-01-28 22:36:27,53.0264,43.1872,9.05,95,71,4.09
463,Kailua,US,2023-01-28 22:36:28,21.4022,-157.7394,78.78,91,100,5.01
464,Panorama,GR,2023-01-28 22:36:29,40.5878,23.0315,39.9,64,20,20.0
465,Porterville,US,2023-01-28 22:34:45,36.0652,-119.0168,62.53,51,0,0.0
466,Qandala,SO,2023-01-28 22:36:30,11.472,49.8728,75.2,72,48,5.19
467,Axim,GH,2023-01-28 22:36:31,4.8699,-2.2405,79.79,86,46,9.15
468,Kamina,CD,2023-01-28 22:36:32,-8.7386,24.9906,64.35,96,100,2.93
469,Anadyr,RU,2023-01-28 22:36:33,64.75,177.4833,28.9,74,0,11.18
470,Honiara,SB,2023-01-28 22:36:34,-9.4333,159.95,84.16,72,83,3.0
471,Namtsy,RU,2023-01-28 22:36:55,62.7161,129.6658,-60.34,100,87,1.72
472,Paraguari,PY,2023-01-28 22:36:55,-25.6208,-57.1472,87.4,40,84,1.97
473,Maragogi,BR,2023-01-28 22:36:56,-9.0122,-35.2225,78.6,71,6,9.04
474,Colares,PT,2023-01-28 22:36:56,38.7992,-9.4469,49.75,63,0,24.0
475,San Pedro,PH,2023-01-28 22:36:56,14.35,121.0167,74.43,80,20,2.3
476,Rosario,AR,2023-01-28 22:36:57,-32.9468,-60.6393,88.95,42,0,5.75
477,Paranaiba,BR,2023-01-28 22:36:57,-19.6772,-51.1908,75.15,82,25,6.11
478,Vincennes,FR,2023-01-28 22:36:57,48.85,2.4333,35.92,75,100,10.36
479,Jawa,JO,2023-01-28 22:36:58,31.8525,35.9393,52.11,76,18,8.05
480,Marienburg,PL,2023-01-28 22:36:58,54.0359,19.0266,37.04,87,49,9.98
481,Fruitvale,US,2023-01-28 22:36:58,39.0817,-108.4968,40.93,62,40,6.91
482,Praia Da Vitoria,PT,2023-01-28 22:36:58,38.7333,-27.0667,55.65,94,75,14.63
483,Madang,PG,2023-01-28 22:36:59,-5.2246,145.7966,82.06,71,67,2.24
484,Ndele,CF,2023-01-28 22:36:59,8.4109,20.6473,75.85,16,35,4.61
485,Leh,IN,2023-01-28 22:36:59,34.1667,77.5833,10.8,87,99,2.21
486,Bumba,CD,2023-01-28 22:37:00,2.1833,22.4667,74.32,60,63,2.48
487,Kushima,JP,2023-01-28 22:37:00,31.4583,131.2333,35.56,78,9,3.85
488,Muncar,ID,2023-01-28 22:37:00,-8.4333,114.3333,74.93,93,100,2.39
489,Manjacaze,MZ,2023-01-28 22:37:01,-24.7117,33.8828,71.29,96,0,3.44
490,Vanavara,RU,2023-01-28 22:37:01,60.34,102.2797,-10.39,100,94,3.58
491,Tatarskaya Pishlya,RU,2023-01-28 22:37:01,54.0608,44.8998,4.68,98,97,4.85
492,Yenagoa,NG,2023-01-28 22:37:02,4.9247,6.2642,77.4,89,67,3.69
493,Puquio,PE,2023-01-28 22:37:03,-14.7,-74.1333,52.45,95,100,8.86
494,Zharkent,KZ,2023-01-28 22:37:06,44.1628,80.0,9.46,75,36,3.09
495,Caxito,AO,2023-01-28 22:37:06,-8.5785,13.6643,75.42,90,97,2.51
496,Talaya,RU,2023-01-28 22:37:08,61.3833,152.75,-29.65,97,99,1.9
497,Marquette,US,2023-01-28 22:37:08,46.5333,-87.6335,11.16,73,100,1.99
498,Lewisporte,CA,2023-01-28 22:37:09,49.2499,-55.0482,24.55,76,46,4.68
499,Cabedelo,BR,2023-01-28 22:37:09,-6.9811,-34.8339,81.27,67,13,13.22
500,Olsztyn,PL,2023-01-28 22:37:10,53.7799,20.4942,26.56,84,59,7.76
501,De Aar,ZA,2023-01-28 22:37:11,-30.6497,24.0123,63.27,67,22,22.93
502,Moose Factory,CA,2023-01-28 22:37:11,51.2585,-80.6094,-14.8,64,0,5.75
503,Ust-Nera,RU,2023-01-28 22:37:11,64.5667,143.2,-28.93,97,85,4.23
504,Sechelt,CA,2023-01-28 22:37:12,49.4664,-123.7694,48.81,49,44,3.6
505,Kahului,US,2023-01-28 22:34:51,20.8947,-156.47,69.84,88,100,3.44
506,Saquena,PE,2023-01-28 22:37:13,-4.6667,-73.5167,79.97,76,92,2.28
507,Hambantota,LK,2023-01-28 22:37:13,6.1241,81.1185,74.05,73,100,9.89
508,Fargo,US,2023-01-28 22:37:15,46.8772,-96.7898,-4.02,70,0,5.75
509,Puerto Ayacucho,VE,2023-01-28 22:38:15,5.6639,-67.6236,83.07,41,12,5.66
510,Ibicui,BR,2023-01-28 22:38:16,-14.8417,-39.9867,70.12,97,100,2.15
511,Nemuro,JP,2023-01-28 22:38:16,43.3236,145.575,18.09,69,56,25.86
512,Bac Lieu,VN,2023-01-28 22:34:59,9.285,105.7244,72.81,80,100,6.8
513,Baoding,CN,2023-01-28 22:38:17,38.8511,115.4903,29.1,25,0,6.73
514,Fonte Boa,BR,2023-01-28 22:38:18,-2.4959,-66.2662,76.71,89,99,2.28
515,Jumla,NP,2023-01-28 22:38:18,29.2747,82.1838,34.38,53,0,6.87
516,Rocha,UY,2023-01-28 22:38:19,-34.4833,-54.3333,71.29,93,53,6.2
517,Buraydah,SA,2023-01-28 22:38:20,26.326,43.975,55.85,56,2,10.22
518,Perth,AU,2023-01-28 22:35:00,-31.9333,115.8333,68.04,59,0,16.11
519,Cartagena,CO,2023-01-28 22:38:18,10.3997,-75.5144,83.82,61,0,10.36
520,Erzin,TR,2023-01-28 22:38:21,36.9559,36.2,47.75,79,26,4.03
521,Calceta,EC,2023-01-28 22:38:22,-0.85,-80.1667,79.12,81,70,8.12
522,Xaxim,BR,2023-01-28 22:38:22,-26.9617,-52.5347,74.55,51,77,2.84
523,Chivasso,IT,2023-01-28 22:38:23,45.1894,7.8872,40.73,69,0,3.44
524,Grand Gaube,MU,2023-01-28 22:38:23,-20.0064,57.6608,77.38,88,84,1.01
525,Newark,US,2023-01-28 22:37:51,40.7357,-74.1724,51.75,45,75,8.05
526,Berlevag,NO,2023-01-28 22:38:24,70.8578,29.0864,30.2,80,100,13.8
527,Barranca,PE,2023-01-28 22:38:25,-10.75,-77.7667,72.88,76,98,6.96
528,Almaznyy,RU,2023-01-28 22:38:25,48.0448,40.045,29.17,88,100,11.7
529,Kyabram,AU,2023-01-28 22:38:26,-36.3167,145.05,80.6,33,100,6.96
530,Moi,NO,2023-01-28 22:38:26,58.4567,6.5518,41.4,95,100,13.87
531,The Valley,AI,2023-01-28 22:38:27,18.217,-63.0578,77.14,78,75,9.22
532,Venado Tuerto,AR,2023-01-28 22:38:27,-33.7456,-61.9688,85.77,28,0,8.39
533,Pingliang,CN,2023-01-28 22:38:28,35.5392,106.6861,24.42,20,1,0.65
534,Noumea,NC,2023-01-28 22:38:28,-22.2763,166.4572,79.0,99,100,7.87
535,Sao Joao Da Barra,BR,2023-01-28 22:38:29,-21.6403,-41.0511,80.69,88,61,16.42
536,Labrea,BR,2023-01-28 22:38:30,-7.2586,-64.7981,75.45,91,85,2.42
537,Lucapa,AO,2023-01-28 22:38:30,-8.4192,20.7447,64.94,95,100,1.97
538,Uchaly,RU,2023-01-28 22:38:31,54.2996,59.4521,-4.65,99,17,4.59
539,Mazarron,ES,2023-01-28 22:38:31,37.5992,-1.3149,45.45,66,4,3.49
540,Beloha,MG,2023-01-28 22:38:32,-25.1667,45.05,76.55,87,100,21.59
541,Northam,GB,2023-01-28 22:38:33,51.0333,-4.2167,42.62,88,67,4.92
542,Altamira,BR,2023-01-28 22:38:34,-3.2033,-52.2064,73.11,96,99,2.91
543,Makakilo City,US,2023-01-28 22:38:35,21.3469,-158.0858,77.32,63,75,18.41
544,Panguna,PG,2023-01-28 22:38:37,-6.3164,155.4848,79.25,71,83,2.04
545,Atakpame,TG,2023-01-28 22:38:38,7.5333,1.1333,77.4,72,59,5.26
546,Naze,JP,2023-01-28 22:38:39,28.3667,129.4833,47.32,69,93,10.29
547,Ahuimanu,US,2023-01-28 22:38:39,21.4447,-157.8378,78.51,81,75,18.41
548,Chokwe,MZ,2023-01-28 22:38:40,-24.5333,32.9833,72.28,87,1,3.56
549,Tres Picos,MX,2023-01-28 22:38:40,15.8667,-93.5333,86.14,50,9,5.57
550,Am Timan,TD,2023-01-28 22:38:41,11.0297,20.2827,81.91,13,100,4.27
551,Goderich,CA,2023-01-28 22:38:41,43.7501,-81.7165,29.91,80,100,10.36
552,Labuhan,ID,2023-01-28 22:38:41,-6.8844,112.2051,76.23,90,100,5.68
553,Aranos,NA,2023-01-28 22:39:42,-24.1333,19.1167,80.96,36,65,5.39
554,Jurm,AF,2023-01-28 22:39:42,36.8648,70.8342,29.28,67,97,2.39
